{
    "target": {
        "length": 1431
    },
    "Ecoli": {
        "length": 4641652,
        "naive_hits": [
            1431,
            1430,
            1429,
            1428,
            1427,
            1426,
            1425,
            1417,
            1385,
            1207,
            755,
            313,
            100,
            24,
            5,
            3,
            1,
            0
        ],
        "estimation_details": [
            [
                0.5,
                15.395527603074774,
                [
                    1431,
                    1430,
                    1429,
                    1428,
                    1427,
                    1426,
                    1425,
                    1420,
                    1408,
                    1302,
                    919,
                    786,
                    774,
                    770,
                    762,
                    773,
                    772,
                    795,
                    779,
                    775
                ]
            ],
            [
                0.4,
                14.192173305380853,
                [
                    1431,
                    1430,
                    1429,
                    1428,
                    1427,
                    1426,
                    1425,
                    1420,
                    1403,
                    1284,
                    870,
                    647,
                    569,
                    607,
                    607,
                    572,
                    603,
                    572,
                    579,
                    580
                ]
            ],
            [
                0.3,
                13.115303983228511,
                [
                    1431,
                    1430,
                    1429,
                    1428,
                    1427,
                    1426,
                    1425,
                    1417,
                    1395,
                    1259,
                    837,
                    533,
                    456,
                    386,
                    420,
                    408,
                    392,
                    453,
                    395,
                    421
                ]
            ],
            [
                0.2,
                12.29979035639413,
                [
                    1431,
                    1430,
                    1429,
                    1428,
                    1427,
                    1426,
                    1425,
                    1419,
                    1395,
                    1244,
                    791,
                    445,
                    323,
                    306,
                    267,
                    296,
                    286,
                    281,
                    271,
                    281
                ]
            ],
            [
                0.1,
                11.44304682040531,
                [
                    1431,
                    1430,
                    1429,
                    1428,
                    1427,
                    1426,
                    1425,
                    1419,
                    1389,
                    1216,
                    762,
                    370,
                    205,
                    154,
                    137,
                    146,
                    156,
                    152,
                    140,
                    133
                ]
            ],
            [
                0.5,
                15.395527603074774,
                [
                    1431,
                    1430,
                    1429,
                    1428,
                    1427,
                    1426,
                    1425,
                    1420,
                    1408,
                    1302,
                    919,
                    786,
                    774,
                    770,
                    762,
                    773,
                    772,
                    795,
                    779,
                    775
                ]
            ],
            [
                0.4,
                14.192173305380853,
                [
                    1431,
                    1430,
                    1429,
                    1428,
                    1427,
                    1426,
                    1425,
                    1420,
                    1403,
                    1284,
                    870,
                    647,
                    569,
                    607,
                    607,
                    572,
                    603,
                    572,
                    579,
                    580
                ]
            ],
            [
                0.3,
                13.115303983228511,
                [
                    1431,
                    1430,
                    1429,
                    1428,
                    1427,
                    1426,
                    1425,
                    1417,
                    1395,
                    1259,
                    837,
                    533,
                    456,
                    386,
                    420,
                    408,
                    392,
                    453,
                    395,
                    421
                ]
            ],
            [
                0.2,
                12.29979035639413,
                [
                    1431,
                    1430,
                    1429,
                    1428,
                    1427,
                    1426,
                    1425,
                    1419,
                    1395,
                    1244,
                    791,
                    445,
                    323,
                    306,
                    267,
                    296,
                    286,
                    281,
                    271,
                    281
                ]
            ],
            [
                0.1,
                11.44304682040531,
                [
                    1431,
                    1430,
                    1429,
                    1428,
                    1427,
                    1426,
                    1425,
                    1419,
                    1389,
                    1216,
                    762,
                    370,
                    205,
                    154,
                    137,
                    146,
                    156,
                    152,
                    140,
                    133
                ]
            ],
            [
                0.01,
                10.695317959468904,
                [
                    1431,
                    1430,
                    1429,
                    1428,
                    1427,
                    1426,
                    1425,
                    1417,
                    1386,
                    1208,
                    755,
                    314,
                    104,
                    37,
                    15,
                    12,
                    23,
                    12,
                    14,
                    12
                ]
            ],
            [
                0.001,
                10.632424877707896,
                [
                    1431,
                    1430,
                    1429,
                    1428,
                    1427,
                    1426,
                    1425,
                    1417,
                    1386,
                    1207,
                    755,
                    315,
                    101,
                    25,
                    6,
                    4,
                    1,
                    2,
                    0,
                    0
                ]
